<?xml version="1.0" encoding="UTF-8"?>
<project-private xmlns="http://www.netbeans.org/ns/project-private/1">
    <editor-bookmarks xmlns="http://www.netbeans.org/ns/editor-bookmarks/2" lastBookmarkId="0"/>
    <open-files xmlns="http://www.netbeans.org/ns/projectui-open-files/2">
        <group>
            <file>file:/C:/PGPIO/Online%20Movie/src/java/dao/LoginDAO.java</file>
            <file>file:/C:/PGPIO/Online%20Movie/src/java/dao/AdminDAO.java</file>
            <file>file:/C:/PGPIO/Online%20Movie/web/login.jsp</file>
            <file>file:/C:/PGPIO/Online%20Movie/src/java/controller/LoginCheck.java</file>
        </group>
    </open-files>
</project-private>
